<?xml version="1.0"?>
<rs_X_PAYTAX_VW numrows="52" rowsetname="X_PAYTAX_VW" xmlns:xsi="http://www.w3.org/2001/XMLSchema-instance" xsi:noNamespaceSchemaLocation=""><row_X_PAYTAX_VW rownumber="1"><fld_COMPANY>K12</fld_COMPANY><fld_PAYGROUP>BW</fld_PAYGROUP><fld_PAY_END_DT>2018-01-13</fld_PAY_END_DT><fld_OFF_CYCLE>N</fld_OFF_CYCLE><fld_PAGE_NUM>12</fld_PAGE_NUM><fld_LINE_NUM>3</fld_LINE_NUM><fld_SEPCHK>0</fld_SEPCHK><fld_STATE>$U</fld_STATE><fld_EMPLID>KU0515</fld_EMPLID><fld_NAME>Gelman,Alan</fld_NAME><fld_STATE_DESCR>Federal</fld_STATE_DESCR><fld_LOCALITY></fld_LOCALITY><fld_LOCALITY_NAME></fld_LOCALITY_NAME><fld_TAX_CLASS>D</fld_TAX_CLASS><fld_PY_DESCR30>OASDI/Disability - EE</fld_PY_DESCR30><fld_EE_ER_TAX_TYPE></fld_EE_ER_TAX_TYPE><fld_TAX_CUR>81.75</fld_TAX_CUR></row_X_PAYTAX_VW><row_X_PAYTAX_VW rownumber="2"><fld_COMPANY>K12</fld_COMPANY><fld_PAYGROUP>BW</fld_PAYGROUP><fld_PAY_END_DT>2018-01-27</fld_PAY_END_DT><fld_OFF_CYCLE>N</fld_OFF_CYCLE><fld_PAGE_NUM>12</fld_PAGE_NUM><fld_LINE_NUM>3</fld_LINE_NUM><fld_SEPCHK>0</fld_SEPCHK><fld_STATE>$U</fld_STATE><fld_EMPLID>KU0515</fld_EMPLID><fld_NAME>Gelman,Alan</fld_NAME><fld_STATE_DESCR>Federal</fld_STATE_DESCR><fld_LOCALITY></fld_LOCALITY><fld_LOCALITY_NAME></fld_LOCALITY_NAME><fld_TAX_CLASS>D</fld_TAX_CLASS><fld_PY_DESCR30>OASDI/Disability - EE</fld_PY_DESCR30><fld_EE_ER_TAX_TYPE></fld_EE_ER_TAX_TYPE><fld_TAX_CUR>81.74</fld_TAX_CUR></row_X_PAYTAX_VW><row_X_PAYTAX_VW rownumber="3"><fld_COMPANY>K12</fld_COMPANY><fld_PAYGROUP>BW</fld_PAYGROUP><fld_PAY_END_DT>2018-12-29</fld_PAY_END_DT><fld_OFF_CYCLE>N</fld_OFF_CYCLE><fld_PAGE_NUM>12</fld_PAGE_NUM><fld_LINE_NUM>3</fld_LINE_NUM><fld_SEPCHK>0</fld_SEPCHK><fld_STATE>$U</fld_STATE><fld_EMPLID>KU0515</fld_EMPLID><fld_NAME>Gelman,Alan</fld_NAME><fld_STATE_DESCR>Federal</fld_STATE_DESCR><fld_LOCALITY></fld_LOCALITY><fld_LOCALITY_NAME></fld_LOCALITY_NAME><fld_TAX_CLASS>D</fld_TAX_CLASS><fld_PY_DESCR30>OASDI/Disability - EE</fld_PY_DESCR30><fld_EE_ER_TAX_TYPE></fld_EE_ER_TAX_TYPE><fld_TAX_CUR>81.74</fld_TAX_CUR></row_X_PAYTAX_VW><row_X_PAYTAX_VW rownumber="4"><fld_COMPANY>K12</fld_COMPANY><fld_PAYGROUP>BW</fld_PAYGROUP><fld_PAY_END_DT>2018-02-10</fld_PAY_END_DT><fld_OFF_CYCLE>N</fld_OFF_CYCLE><fld_PAGE_NUM>12</fld_PAGE_NUM><fld_LINE_NUM>3</fld_LINE_NUM><fld_SEPCHK>0</fld_SEPCHK><fld_STATE>$U</fld_STATE><fld_EMPLID>KU0515</fld_EMPLID><fld_NAME>Gelman,Alan</fld_NAME><fld_STATE_DESCR>Federal</fld_STATE_DESCR><fld_LOCALITY></fld_LOCALITY><fld_LOCALITY_NAME></fld_LOCALITY_NAME><fld_TAX_CLASS>D</fld_TAX_CLASS><fld_PY_DESCR30>OASDI/Disability - EE</fld_PY_DESCR30><fld_EE_ER_TAX_TYPE></fld_EE_ER_TAX_TYPE><fld_TAX_CUR>81.75</fld_TAX_CUR></row_X_PAYTAX_VW><row_X_PAYTAX_VW rownumber="5"><fld_COMPANY>K12</fld_COMPANY><fld_PAYGROUP>BW</fld_PAYGROUP><fld_PAY_END_DT>2018-02-24</fld_PAY_END_DT><fld_OFF_CYCLE>N</fld_OFF_CYCLE><fld_PAGE_NUM>12</fld_PAGE_NUM><fld_LINE_NUM>3</fld_LINE_NUM><fld_SEPCHK>0</fld_SEPCHK><fld_STATE>$U</fld_STATE><fld_EMPLID>KU0515</fld_EMPLID><fld_NAME>Gelman,Alan</fld_NAME><fld_STATE_DESCR>Federal</fld_STATE_DESCR><fld_LOCALITY></fld_LOCALITY><fld_LOCALITY_NAME></fld_LOCALITY_NAME><fld_TAX_CLASS>D</fld_TAX_CLASS><fld_PY_DESCR30>OASDI/Disability - EE</fld_PY_DESCR30><fld_EE_ER_TAX_TYPE></fld_EE_ER_TAX_TYPE><fld_TAX_CUR>81.74</fld_TAX_CUR></row_X_PAYTAX_VW><row_X_PAYTAX_VW rownumber="6"><fld_COMPANY>K12</fld_COMPANY><fld_PAYGROUP>BW</fld_PAYGROUP><fld_PAY_END_DT>2018-08-11</fld_PAY_END_DT><fld_OFF_CYCLE>N</fld_OFF_CYCLE><fld_PAGE_NUM>12</fld_PAGE_NUM><fld_LINE_NUM>3</fld_LINE_NUM><fld_SEPCHK>0</fld_SEPCHK><fld_STATE>$U</fld_STATE><fld_EMPLID>KU0515</fld_EMPLID><fld_NAME>Gelman,Alan</fld_NAME><fld_STATE_DESCR>Federal</fld_STATE_DESCR><fld_LOCALITY></fld_LOCALITY><fld_LOCALITY_NAME></fld_LOCALITY_NAME><fld_TAX_CLASS>D</fld_TAX_CLASS><fld_PY_DESCR30>OASDI/Disability - EE</fld_PY_DESCR30><fld_EE_ER_TAX_TYPE></fld_EE_ER_TAX_TYPE><fld_TAX_CUR>81.74</fld_TAX_CUR></row_X_PAYTAX_VW><row_X_PAYTAX_VW rownumber="7"><fld_COMPANY>K12</fld_COMPANY><fld_PAYGROUP>BW</fld_PAYGROUP><fld_PAY_END_DT>2018-03-10</fld_PAY_END_DT><fld_OFF_CYCLE>N</fld_OFF_CYCLE><fld_PAGE_NUM>12</fld_PAGE_NUM><fld_LINE_NUM>3</fld_LINE_NUM><fld_SEPCHK>0</fld_SEPCHK><fld_STATE>$U</fld_STATE><fld_EMPLID>KU0515</fld_EMPLID><fld_NAME>Gelman,Alan</fld_NAME><fld_STATE_DESCR>Federal</fld_STATE_DESCR><fld_LOCALITY></fld_LOCALITY><fld_LOCALITY_NAME></fld_LOCALITY_NAME><fld_TAX_CLASS>D</fld_TAX_CLASS><fld_PY_DESCR30>OASDI/Disability - EE</fld_PY_DESCR30><fld_EE_ER_TAX_TYPE></fld_EE_ER_TAX_TYPE><fld_TAX_CUR>81.75</fld_TAX_CUR></row_X_PAYTAX_VW><row_X_PAYTAX_VW rownumber="8"><fld_COMPANY>K12</fld_COMPANY><fld_PAYGROUP>BW</fld_PAYGROUP><fld_PAY_END_DT>2018-03-24</fld_PAY_END_DT><fld_OFF_CYCLE>N</fld_OFF_CYCLE><fld_PAGE_NUM>12</fld_PAGE_NUM><fld_LINE_NUM>3</fld_LINE_NUM><fld_SEPCHK>0</fld_SEPCHK><fld_STATE>$U</fld_STATE><fld_EMPLID>KU0515</fld_EMPLID><fld_NAME>Gelman,Alan</fld_NAME><fld_STATE_DESCR>Federal</fld_STATE_DESCR><fld_LOCALITY></fld_LOCALITY><fld_LOCALITY_NAME></fld_LOCALITY_NAME><fld_TAX_CLASS>D</fld_TAX_CLASS><fld_PY_DESCR30>OASDI/Disability - EE</fld_PY_DESCR30><fld_EE_ER_TAX_TYPE></fld_EE_ER_TAX_TYPE><fld_TAX_CUR>81.74</fld_TAX_CUR></row_X_PAYTAX_VW><row_X_PAYTAX_VW rownumber="9"><fld_COMPANY>K12</fld_COMPANY><fld_PAYGROUP>BW</fld_PAYGROUP><fld_PAY_END_DT>2018-04-07</fld_PAY_END_DT><fld_OFF_CYCLE>N</fld_OFF_CYCLE><fld_PAGE_NUM>12</fld_PAGE_NUM><fld_LINE_NUM>3</fld_LINE_NUM><fld_SEPCHK>0</fld_SEPCHK><fld_STATE>$U</fld_STATE><fld_EMPLID>KU0515</fld_EMPLID><fld_NAME>Gelman,Alan</fld_NAME><fld_STATE_DESCR>Federal</fld_STATE_DESCR><fld_LOCALITY></fld_LOCALITY><fld_LOCALITY_NAME></fld_LOCALITY_NAME><fld_TAX_CLASS>D</fld_TAX_CLASS><fld_PY_DESCR30>OASDI/Disability - EE</fld_PY_DESCR30><fld_EE_ER_TAX_TYPE></fld_EE_ER_TAX_TYPE><fld_TAX_CUR>81.75</fld_TAX_CUR></row_X_PAYTAX_VW><row_X_PAYTAX_VW rownumber="10"><fld_COMPANY>K12</fld_COMPANY><fld_PAYGROUP>BW</fld_PAYGROUP><fld_PAY_END_DT>2018-04-21</fld_PAY_END_DT><fld_OFF_CYCLE>N</fld_OFF_CYCLE><fld_PAGE_NUM>12</fld_PAGE_NUM><fld_LINE_NUM>3</fld_LINE_NUM><fld_SEPCHK>0</fld_SEPCHK><fld_STATE>$U</fld_STATE><fld_EMPLID>KU0515</fld_EMPLID><fld_NAME>Gelman,Alan</fld_NAME><fld_STATE_DESCR>Federal</fld_STATE_DESCR><fld_LOCALITY></fld_LOCALITY><fld_LOCALITY_NAME></fld_LOCALITY_NAME><fld_TAX_CLASS>D</fld_TAX_CLASS><fld_PY_DESCR30>OASDI/Disability - EE</fld_PY_DESCR30><fld_EE_ER_TAX_TYPE></fld_EE_ER_TAX_TYPE><fld_TAX_CUR>81.74</fld_TAX_CUR></row_X_PAYTAX_VW><row_X_PAYTAX_VW rownumber="11"><fld_COMPANY>K12</fld_COMPANY><fld_PAYGROUP>BW</fld_PAYGROUP><fld_PAY_END_DT>2018-05-05</fld_PAY_END_DT><fld_OFF_CYCLE>N</fld_OFF_CYCLE><fld_PAGE_NUM>12</fld_PAGE_NUM><fld_LINE_NUM>3</fld_LINE_NUM><fld_SEPCHK>0</fld_SEPCHK><fld_STATE>$U</fld_STATE><fld_EMPLID>KU0515</fld_EMPLID><fld_NAME>Gelman,Alan</fld_NAME><fld_STATE_DESCR>Federal</fld_STATE_DESCR><fld_LOCALITY></fld_LOCALITY><fld_LOCALITY_NAME></fld_LOCALITY_NAME><fld_TAX_CLASS>D</fld_TAX_CLASS><fld_PY_DESCR30>OASDI/Disability - EE</fld_PY_DESCR30><fld_EE_ER_TAX_TYPE></fld_EE_ER_TAX_TYPE><fld_TAX_CUR>81.75</fld_TAX_CUR></row_X_PAYTAX_VW><row_X_PAYTAX_VW rownumber="12"><fld_COMPANY>K12</fld_COMPANY><fld_PAYGROUP>BW</fld_PAYGROUP><fld_PAY_END_DT>2018-05-19</fld_PAY_END_DT><fld_OFF_CYCLE>N</fld_OFF_CYCLE><fld_PAGE_NUM>12</fld_PAGE_NUM><fld_LINE_NUM>3</fld_LINE_NUM><fld_SEPCHK>0</fld_SEPCHK><fld_STATE>$U</fld_STATE><fld_EMPLID>KU0515</fld_EMPLID><fld_NAME>Gelman,Alan</fld_NAME><fld_STATE_DESCR>Federal</fld_STATE_DESCR><fld_LOCALITY></fld_LOCALITY><fld_LOCALITY_NAME></fld_LOCALITY_NAME><fld_TAX_CLASS>D</fld_TAX_CLASS><fld_PY_DESCR30>OASDI/Disability - EE</fld_PY_DESCR30><fld_EE_ER_TAX_TYPE></fld_EE_ER_TAX_TYPE><fld_TAX_CUR>81.74</fld_TAX_CUR></row_X_PAYTAX_VW><row_X_PAYTAX_VW rownumber="13"><fld_COMPANY>K12</fld_COMPANY><fld_PAYGROUP>BW</fld_PAYGROUP><fld_PAY_END_DT>2018-06-02</fld_PAY_END_DT><fld_OFF_CYCLE>N</fld_OFF_CYCLE><fld_PAGE_NUM>12</fld_PAGE_NUM><fld_LINE_NUM>3</fld_LINE_NUM><fld_SEPCHK>0</fld_SEPCHK><fld_STATE>$U</fld_STATE><fld_EMPLID>KU0515</fld_EMPLID><fld_NAME>Gelman,Alan</fld_NAME><fld_STATE_DESCR>Federal</fld_STATE_DESCR><fld_LOCALITY></fld_LOCALITY><fld_LOCALITY_NAME></fld_LOCALITY_NAME><fld_TAX_CLASS>D</fld_TAX_CLASS><fld_PY_DESCR30>OASDI/Disability - EE</fld_PY_DESCR30><fld_EE_ER_TAX_TYPE></fld_EE_ER_TAX_TYPE><fld_TAX_CUR>81.75</fld_TAX_CUR></row_X_PAYTAX_VW><row_X_PAYTAX_VW rownumber="14"><fld_COMPANY>K12</fld_COMPANY><fld_PAYGROUP>BW</fld_PAYGROUP><fld_PAY_END_DT>2018-09-22</fld_PAY_END_DT><fld_OFF_CYCLE>N</fld_OFF_CYCLE><fld_PAGE_NUM>12</fld_PAGE_NUM><fld_LINE_NUM>3</fld_LINE_NUM><fld_SEPCHK>0</fld_SEPCHK><fld_STATE>$U</fld_STATE><fld_EMPLID>KU0515</fld_EMPLID><fld_NAME>Gelman,Alan</fld_NAME><fld_STATE_DESCR>Federal</fld_STATE_DESCR><fld_LOCALITY></fld_LOCALITY><fld_LOCALITY_NAME></fld_LOCALITY_NAME><fld_TAX_CLASS>D</fld_TAX_CLASS><fld_PY_DESCR30>OASDI/Disability - EE</fld_PY_DESCR30><fld_EE_ER_TAX_TYPE></fld_EE_ER_TAX_TYPE><fld_TAX_CUR>81.75</fld_TAX_CUR></row_X_PAYTAX_VW><row_X_PAYTAX_VW rownumber="15"><fld_COMPANY>K12</fld_COMPANY><fld_PAYGROUP>BW</fld_PAYGROUP><fld_PAY_END_DT>2018-06-16</fld_PAY_END_DT><fld_OFF_CYCLE>N</fld_OFF_CYCLE><fld_PAGE_NUM>12</fld_PAGE_NUM><fld_LINE_NUM>3</fld_LINE_NUM><fld_SEPCHK>0</fld_SEPCHK><fld_STATE>$U</fld_STATE><fld_EMPLID>KU0515</fld_EMPLID><fld_NAME>Gelman,Alan</fld_NAME><fld_STATE_DESCR>Federal</fld_STATE_DESCR><fld_LOCALITY></fld_LOCALITY><fld_LOCALITY_NAME></fld_LOCALITY_NAME><fld_TAX_CLASS>D</fld_TAX_CLASS><fld_PY_DESCR30>OASDI/Disability - EE</fld_PY_DESCR30><fld_EE_ER_TAX_TYPE></fld_EE_ER_TAX_TYPE><fld_TAX_CUR>81.74</fld_TAX_CUR></row_X_PAYTAX_VW><row_X_PAYTAX_VW rownumber="16"><fld_COMPANY>K12</fld_COMPANY><fld_PAYGROUP>BW</fld_PAYGROUP><fld_PAY_END_DT>2018-06-30</fld_PAY_END_DT><fld_OFF_CYCLE>N</fld_OFF_CYCLE><fld_PAGE_NUM>12</fld_PAGE_NUM><fld_LINE_NUM>3</fld_LINE_NUM><fld_SEPCHK>0</fld_SEPCHK><fld_STATE>$U</fld_STATE><fld_EMPLID>KU0515</fld_EMPLID><fld_NAME>Gelman,Alan</fld_NAME><fld_STATE_DESCR>Federal</fld_STATE_DESCR><fld_LOCALITY></fld_LOCALITY><fld_LOCALITY_NAME></fld_LOCALITY_NAME><fld_TAX_CLASS>D</fld_TAX_CLASS><fld_PY_DESCR30>OASDI/Disability - EE</fld_PY_DESCR30><fld_EE_ER_TAX_TYPE></fld_EE_ER_TAX_TYPE><fld_TAX_CUR>81.75</fld_TAX_CUR></row_X_PAYTAX_VW><row_X_PAYTAX_VW rownumber="17"><fld_COMPANY>K12</fld_COMPANY><fld_PAYGROUP>BW</fld_PAYGROUP><fld_PAY_END_DT>2018-07-14</fld_PAY_END_DT><fld_OFF_CYCLE>N</fld_OFF_CYCLE><fld_PAGE_NUM>12</fld_PAGE_NUM><fld_LINE_NUM>3</fld_LINE_NUM><fld_SEPCHK>0</fld_SEPCHK><fld_STATE>$U</fld_STATE><fld_EMPLID>KU0515</fld_EMPLID><fld_NAME>Gelman,Alan</fld_NAME><fld_STATE_DESCR>Federal</fld_STATE_DESCR><fld_LOCALITY></fld_LOCALITY><fld_LOCALITY_NAME></fld_LOCALITY_NAME><fld_TAX_CLASS>D</fld_TAX_CLASS><fld_PY_DESCR30>OASDI/Disability - EE</fld_PY_DESCR30><fld_EE_ER_TAX_TYPE></fld_EE_ER_TAX_TYPE><fld_TAX_CUR>81.74</fld_TAX_CUR></row_X_PAYTAX_VW><row_X_PAYTAX_VW rownumber="18"><fld_COMPANY>K12</fld_COMPANY><fld_PAYGROUP>BW</fld_PAYGROUP><fld_PAY_END_DT>2018-07-28</fld_PAY_END_DT><fld_OFF_CYCLE>N</fld_OFF_CYCLE><fld_PAGE_NUM>12</fld_PAGE_NUM><fld_LINE_NUM>3</fld_LINE_NUM><fld_SEPCHK>0</fld_SEPCHK><fld_STATE>$U</fld_STATE><fld_EMPLID>KU0515</fld_EMPLID><fld_NAME>Gelman,Alan</fld_NAME><fld_STATE_DESCR>Federal</fld_STATE_DESCR><fld_LOCALITY></fld_LOCALITY><fld_LOCALITY_NAME></fld_LOCALITY_NAME><fld_TAX_CLASS>D</fld_TAX_CLASS><fld_PY_DESCR30>OASDI/Disability - EE</fld_PY_DESCR30><fld_EE_ER_TAX_TYPE></fld_EE_ER_TAX_TYPE><fld_TAX_CUR>81.75</fld_TAX_CUR></row_X_PAYTAX_VW><row_X_PAYTAX_VW rownumber="19"><fld_COMPANY>K12</fld_COMPANY><fld_PAYGROUP>BW</fld_PAYGROUP><fld_PAY_END_DT>2018-08-25</fld_PAY_END_DT><fld_OFF_CYCLE>N</fld_OFF_CYCLE><fld_PAGE_NUM>12</fld_PAGE_NUM><fld_LINE_NUM>3</fld_LINE_NUM><fld_SEPCHK>0</fld_SEPCHK><fld_STATE>$U</fld_STATE><fld_EMPLID>KU0515</fld_EMPLID><fld_NAME>Gelman,Alan</fld_NAME><fld_STATE_DESCR>Federal</fld_STATE_DESCR><fld_LOCALITY></fld_LOCALITY><fld_LOCALITY_NAME></fld_LOCALITY_NAME><fld_TAX_CLASS>D</fld_TAX_CLASS><fld_PY_DESCR30>OASDI/Disability - EE</fld_PY_DESCR30><fld_EE_ER_TAX_TYPE></fld_EE_ER_TAX_TYPE><fld_TAX_CUR>81.75</fld_TAX_CUR></row_X_PAYTAX_VW><row_X_PAYTAX_VW rownumber="20"><fld_COMPANY>K12</fld_COMPANY><fld_PAYGROUP>BW</fld_PAYGROUP><fld_PAY_END_DT>2018-09-08</fld_PAY_END_DT><fld_OFF_CYCLE>N</fld_OFF_CYCLE><fld_PAGE_NUM>12</fld_PAGE_NUM><fld_LINE_NUM>3</fld_LINE_NUM><fld_SEPCHK>0</fld_SEPCHK><fld_STATE>$U</fld_STATE><fld_EMPLID>KU0515</fld_EMPLID><fld_NAME>Gelman,Alan</fld_NAME><fld_STATE_DESCR>Federal</fld_STATE_DESCR><fld_LOCALITY></fld_LOCALITY><fld_LOCALITY_NAME></fld_LOCALITY_NAME><fld_TAX_CLASS>D</fld_TAX_CLASS><fld_PY_DESCR30>OASDI/Disability - EE</fld_PY_DESCR30><fld_EE_ER_TAX_TYPE></fld_EE_ER_TAX_TYPE><fld_TAX_CUR>81.74</fld_TAX_CUR></row_X_PAYTAX_VW><row_X_PAYTAX_VW rownumber="21"><fld_COMPANY>K12</fld_COMPANY><fld_PAYGROUP>BW</fld_PAYGROUP><fld_PAY_END_DT>2018-10-06</fld_PAY_END_DT><fld_OFF_CYCLE>N</fld_OFF_CYCLE><fld_PAGE_NUM>12</fld_PAGE_NUM><fld_LINE_NUM>3</fld_LINE_NUM><fld_SEPCHK>0</fld_SEPCHK><fld_STATE>$U</fld_STATE><fld_EMPLID>KU0515</fld_EMPLID><fld_NAME>Gelman,Alan</fld_NAME><fld_STATE_DESCR>Federal</fld_STATE_DESCR><fld_LOCALITY></fld_LOCALITY><fld_LOCALITY_NAME></fld_LOCALITY_NAME><fld_TAX_CLASS>D</fld_TAX_CLASS><fld_PY_DESCR30>OASDI/Disability - EE</fld_PY_DESCR30><fld_EE_ER_TAX_TYPE></fld_EE_ER_TAX_TYPE><fld_TAX_CUR>81.74</fld_TAX_CUR></row_X_PAYTAX_VW><row_X_PAYTAX_VW rownumber="22"><fld_COMPANY>K12</fld_COMPANY><fld_PAYGROUP>BW</fld_PAYGROUP><fld_PAY_END_DT>2018-10-20</fld_PAY_END_DT><fld_OFF_CYCLE>N</fld_OFF_CYCLE><fld_PAGE_NUM>12</fld_PAGE_NUM><fld_LINE_NUM>3</fld_LINE_NUM><fld_SEPCHK>0</fld_SEPCHK><fld_STATE>$U</fld_STATE><fld_EMPLID>KU0515</fld_EMPLID><fld_NAME>Gelman,Alan</fld_NAME><fld_STATE_DESCR>Federal</fld_STATE_DESCR><fld_LOCALITY></fld_LOCALITY><fld_LOCALITY_NAME></fld_LOCALITY_NAME><fld_TAX_CLASS>D</fld_TAX_CLASS><fld_PY_DESCR30>OASDI/Disability - EE</fld_PY_DESCR30><fld_EE_ER_TAX_TYPE></fld_EE_ER_TAX_TYPE><fld_TAX_CUR>81.75</fld_TAX_CUR></row_X_PAYTAX_VW><row_X_PAYTAX_VW rownumber="23"><fld_COMPANY>K12</fld_COMPANY><fld_PAYGROUP>BW</fld_PAYGROUP><fld_PAY_END_DT>2018-12-15</fld_PAY_END_DT><fld_OFF_CYCLE>N</fld_OFF_CYCLE><fld_PAGE_NUM>12</fld_PAGE_NUM><fld_LINE_NUM>3</fld_LINE_NUM><fld_SEPCHK>0</fld_SEPCHK><fld_STATE>$U</fld_STATE><fld_EMPLID>KU0515</fld_EMPLID><fld_NAME>Gelman,Alan</fld_NAME><fld_STATE_DESCR>Federal</fld_STATE_DESCR><fld_LOCALITY></fld_LOCALITY><fld_LOCALITY_NAME></fld_LOCALITY_NAME><fld_TAX_CLASS>D</fld_TAX_CLASS><fld_PY_DESCR30>OASDI/Disability - EE</fld_PY_DESCR30><fld_EE_ER_TAX_TYPE></fld_EE_ER_TAX_TYPE><fld_TAX_CUR>81.75</fld_TAX_CUR></row_X_PAYTAX_VW><row_X_PAYTAX_VW rownumber="24"><fld_COMPANY>K12</fld_COMPANY><fld_PAYGROUP>BW</fld_PAYGROUP><fld_PAY_END_DT>2018-11-03</fld_PAY_END_DT><fld_OFF_CYCLE>N</fld_OFF_CYCLE><fld_PAGE_NUM>12</fld_PAGE_NUM><fld_LINE_NUM>3</fld_LINE_NUM><fld_SEPCHK>0</fld_SEPCHK><fld_STATE>$U</fld_STATE><fld_EMPLID>KU0515</fld_EMPLID><fld_NAME>Gelman,Alan</fld_NAME><fld_STATE_DESCR>Federal</fld_STATE_DESCR><fld_LOCALITY></fld_LOCALITY><fld_LOCALITY_NAME></fld_LOCALITY_NAME><fld_TAX_CLASS>D</fld_TAX_CLASS><fld_PY_DESCR30>OASDI/Disability - EE</fld_PY_DESCR30><fld_EE_ER_TAX_TYPE></fld_EE_ER_TAX_TYPE><fld_TAX_CUR>81.74</fld_TAX_CUR></row_X_PAYTAX_VW><row_X_PAYTAX_VW rownumber="25"><fld_COMPANY>K12</fld_COMPANY><fld_PAYGROUP>BW</fld_PAYGROUP><fld_PAY_END_DT>2018-11-17</fld_PAY_END_DT><fld_OFF_CYCLE>N</fld_OFF_CYCLE><fld_PAGE_NUM>12</fld_PAGE_NUM><fld_LINE_NUM>3</fld_LINE_NUM><fld_SEPCHK>0</fld_SEPCHK><fld_STATE>$U</fld_STATE><fld_EMPLID>KU0515</fld_EMPLID><fld_NAME>Gelman,Alan</fld_NAME><fld_STATE_DESCR>Federal</fld_STATE_DESCR><fld_LOCALITY></fld_LOCALITY><fld_LOCALITY_NAME></fld_LOCALITY_NAME><fld_TAX_CLASS>D</fld_TAX_CLASS><fld_PY_DESCR30>OASDI/Disability - EE</fld_PY_DESCR30><fld_EE_ER_TAX_TYPE></fld_EE_ER_TAX_TYPE><fld_TAX_CUR>81.75</fld_TAX_CUR></row_X_PAYTAX_VW><row_X_PAYTAX_VW rownumber="26"><fld_COMPANY>K12</fld_COMPANY><fld_PAYGROUP>BW</fld_PAYGROUP><fld_PAY_END_DT>2018-12-01</fld_PAY_END_DT><fld_OFF_CYCLE>N</fld_OFF_CYCLE><fld_PAGE_NUM>12</fld_PAGE_NUM><fld_LINE_NUM>3</fld_LINE_NUM><fld_SEPCHK>0</fld_SEPCHK><fld_STATE>$U</fld_STATE><fld_EMPLID>KU0515</fld_EMPLID><fld_NAME>Gelman,Alan</fld_NAME><fld_STATE_DESCR>Federal</fld_STATE_DESCR><fld_LOCALITY></fld_LOCALITY><fld_LOCALITY_NAME></fld_LOCALITY_NAME><fld_TAX_CLASS>D</fld_TAX_CLASS><fld_PY_DESCR30>OASDI/Disability - EE</fld_PY_DESCR30><fld_EE_ER_TAX_TYPE></fld_EE_ER_TAX_TYPE><fld_TAX_CUR>81.74</fld_TAX_CUR></row_X_PAYTAX_VW><row_X_PAYTAX_VW rownumber="27"><fld_COMPANY>K12</fld_COMPANY><fld_PAYGROUP>BW</fld_PAYGROUP><fld_PAY_END_DT>2018-01-13</fld_PAY_END_DT><fld_OFF_CYCLE>N</fld_OFF_CYCLE><fld_PAGE_NUM>12</fld_PAGE_NUM><fld_LINE_NUM>3</fld_LINE_NUM><fld_SEPCHK>0</fld_SEPCHK><fld_STATE>$U</fld_STATE><fld_EMPLID>KU0515</fld_EMPLID><fld_NAME>Gelman,Alan</fld_NAME><fld_STATE_DESCR>Federal</fld_STATE_DESCR><fld_LOCALITY></fld_LOCALITY><fld_LOCALITY_NAME></fld_LOCALITY_NAME><fld_TAX_CLASS>E</fld_TAX_CLASS><fld_PY_DESCR30>OASDI/Disability - ER</fld_PY_DESCR30><fld_EE_ER_TAX_TYPE></fld_EE_ER_TAX_TYPE><fld_TAX_CUR>81.75</fld_TAX_CUR></row_X_PAYTAX_VW><row_X_PAYTAX_VW rownumber="28"><fld_COMPANY>K12</fld_COMPANY><fld_PAYGROUP>BW</fld_PAYGROUP><fld_PAY_END_DT>2018-01-27</fld_PAY_END_DT><fld_OFF_CYCLE>N</fld_OFF_CYCLE><fld_PAGE_NUM>12</fld_PAGE_NUM><fld_LINE_NUM>3</fld_LINE_NUM><fld_SEPCHK>0</fld_SEPCHK><fld_STATE>$U</fld_STATE><fld_EMPLID>KU0515</fld_EMPLID><fld_NAME>Gelman,Alan</fld_NAME><fld_STATE_DESCR>Federal</fld_STATE_DESCR><fld_LOCALITY></fld_LOCALITY><fld_LOCALITY_NAME></fld_LOCALITY_NAME><fld_TAX_CLASS>E</fld_TAX_CLASS><fld_PY_DESCR30>OASDI/Disability - ER</fld_PY_DESCR30><fld_EE_ER_TAX_TYPE></fld_EE_ER_TAX_TYPE><fld_TAX_CUR>81.74</fld_TAX_CUR></row_X_PAYTAX_VW><row_X_PAYTAX_VW rownumber="29"><fld_COMPANY>K12</fld_COMPANY><fld_PAYGROUP>BW</fld_PAYGROUP><fld_PAY_END_DT>2018-12-29</fld_PAY_END_DT><fld_OFF_CYCLE>N</fld_OFF_CYCLE><fld_PAGE_NUM>12</fld_PAGE_NUM><fld_LINE_NUM>3</fld_LINE_NUM><fld_SEPCHK>0</fld_SEPCHK><fld_STATE>$U</fld_STATE><fld_EMPLID>KU0515</fld_EMPLID><fld_NAME>Gelman,Alan</fld_NAME><fld_STATE_DESCR>Federal</fld_STATE_DESCR><fld_LOCALITY></fld_LOCALITY><fld_LOCALITY_NAME></fld_LOCALITY_NAME><fld_TAX_CLASS>E</fld_TAX_CLASS><fld_PY_DESCR30>OASDI/Disability - ER</fld_PY_DESCR30><fld_EE_ER_TAX_TYPE></fld_EE_ER_TAX_TYPE><fld_TAX_CUR>81.74</fld_TAX_CUR></row_X_PAYTAX_VW><row_X_PAYTAX_VW rownumber="30"><fld_COMPANY>K12</fld_COMPANY><fld_PAYGROUP>BW</fld_PAYGROUP><fld_PAY_END_DT>2018-02-10</fld_PAY_END_DT><fld_OFF_CYCLE>N</fld_OFF_CYCLE><fld_PAGE_NUM>12</fld_PAGE_NUM><fld_LINE_NUM>3</fld_LINE_NUM><fld_SEPCHK>0</fld_SEPCHK><fld_STATE>$U</fld_STATE><fld_EMPLID>KU0515</fld_EMPLID><fld_NAME>Gelman,Alan</fld_NAME><fld_STATE_DESCR>Federal</fld_STATE_DESCR><fld_LOCALITY></fld_LOCALITY><fld_LOCALITY_NAME></fld_LOCALITY_NAME><fld_TAX_CLASS>E</fld_TAX_CLASS><fld_PY_DESCR30>OASDI/Disability - ER</fld_PY_DESCR30><fld_EE_ER_TAX_TYPE></fld_EE_ER_TAX_TYPE><fld_TAX_CUR>81.75</fld_TAX_CUR></row_X_PAYTAX_VW><row_X_PAYTAX_VW rownumber="31"><fld_COMPANY>K12</fld_COMPANY><fld_PAYGROUP>BW</fld_PAYGROUP><fld_PAY_END_DT>2018-02-24</fld_PAY_END_DT><fld_OFF_CYCLE>N</fld_OFF_CYCLE><fld_PAGE_NUM>12</fld_PAGE_NUM><fld_LINE_NUM>3</fld_LINE_NUM><fld_SEPCHK>0</fld_SEPCHK><fld_STATE>$U</fld_STATE><fld_EMPLID>KU0515</fld_EMPLID><fld_NAME>Gelman,Alan</fld_NAME><fld_STATE_DESCR>Federal</fld_STATE_DESCR><fld_LOCALITY></fld_LOCALITY><fld_LOCALITY_NAME></fld_LOCALITY_NAME><fld_TAX_CLASS>E</fld_TAX_CLASS><fld_PY_DESCR30>OASDI/Disability - ER</fld_PY_DESCR30><fld_EE_ER_TAX_TYPE></fld_EE_ER_TAX_TYPE><fld_TAX_CUR>81.74</fld_TAX_CUR></row_X_PAYTAX_VW><row_X_PAYTAX_VW rownumber="32"><fld_COMPANY>K12</fld_COMPANY><fld_PAYGROUP>BW</fld_PAYGROUP><fld_PAY_END_DT>2018-08-11</fld_PAY_END_DT><fld_OFF_CYCLE>N</fld_OFF_CYCLE><fld_PAGE_NUM>12</fld_PAGE_NUM><fld_LINE_NUM>3</fld_LINE_NUM><fld_SEPCHK>0</fld_SEPCHK><fld_STATE>$U</fld_STATE><fld_EMPLID>KU0515</fld_EMPLID><fld_NAME>Gelman,Alan</fld_NAME><fld_STATE_DESCR>Federal</fld_STATE_DESCR><fld_LOCALITY></fld_LOCALITY><fld_LOCALITY_NAME></fld_LOCALITY_NAME><fld_TAX_CLASS>E</fld_TAX_CLASS><fld_PY_DESCR30>OASDI/Disability - ER</fld_PY_DESCR30><fld_EE_ER_TAX_TYPE></fld_EE_ER_TAX_TYPE><fld_TAX_CUR>81.74</fld_TAX_CUR></row_X_PAYTAX_VW><row_X_PAYTAX_VW rownumber="33"><fld_COMPANY>K12</fld_COMPANY><fld_PAYGROUP>BW</fld_PAYGROUP><fld_PAY_END_DT>2018-03-10</fld_PAY_END_DT><fld_OFF_CYCLE>N</fld_OFF_CYCLE><fld_PAGE_NUM>12</fld_PAGE_NUM><fld_LINE_NUM>3</fld_LINE_NUM><fld_SEPCHK>0</fld_SEPCHK><fld_STATE>$U</fld_STATE><fld_EMPLID>KU0515</fld_EMPLID><fld_NAME>Gelman,Alan</fld_NAME><fld_STATE_DESCR>Federal</fld_STATE_DESCR><fld_LOCALITY></fld_LOCALITY><fld_LOCALITY_NAME></fld_LOCALITY_NAME><fld_TAX_CLASS>E</fld_TAX_CLASS><fld_PY_DESCR30>OASDI/Disability - ER</fld_PY_DESCR30><fld_EE_ER_TAX_TYPE></fld_EE_ER_TAX_TYPE><fld_TAX_CUR>81.75</fld_TAX_CUR></row_X_PAYTAX_VW><row_X_PAYTAX_VW rownumber="34"><fld_COMPANY>K12</fld_COMPANY><fld_PAYGROUP>BW</fld_PAYGROUP><fld_PAY_END_DT>2018-03-24</fld_PAY_END_DT><fld_OFF_CYCLE>N</fld_OFF_CYCLE><fld_PAGE_NUM>12</fld_PAGE_NUM><fld_LINE_NUM>3</fld_LINE_NUM><fld_SEPCHK>0</fld_SEPCHK><fld_STATE>$U</fld_STATE><fld_EMPLID>KU0515</fld_EMPLID><fld_NAME>Gelman,Alan</fld_NAME><fld_STATE_DESCR>Federal</fld_STATE_DESCR><fld_LOCALITY></fld_LOCALITY><fld_LOCALITY_NAME></fld_LOCALITY_NAME><fld_TAX_CLASS>E</fld_TAX_CLASS><fld_PY_DESCR30>OASDI/Disability - ER</fld_PY_DESCR30><fld_EE_ER_TAX_TYPE></fld_EE_ER_TAX_TYPE><fld_TAX_CUR>81.74</fld_TAX_CUR></row_X_PAYTAX_VW><row_X_PAYTAX_VW rownumber="35"><fld_COMPANY>K12</fld_COMPANY><fld_PAYGROUP>BW</fld_PAYGROUP><fld_PAY_END_DT>2018-04-07</fld_PAY_END_DT><fld_OFF_CYCLE>N</fld_OFF_CYCLE><fld_PAGE_NUM>12</fld_PAGE_NUM><fld_LINE_NUM>3</fld_LINE_NUM><fld_SEPCHK>0</fld_SEPCHK><fld_STATE>$U</fld_STATE><fld_EMPLID>KU0515</fld_EMPLID><fld_NAME>Gelman,Alan</fld_NAME><fld_STATE_DESCR>Federal</fld_STATE_DESCR><fld_LOCALITY></fld_LOCALITY><fld_LOCALITY_NAME></fld_LOCALITY_NAME><fld_TAX_CLASS>E</fld_TAX_CLASS><fld_PY_DESCR30>OASDI/Disability - ER</fld_PY_DESCR30><fld_EE_ER_TAX_TYPE></fld_EE_ER_TAX_TYPE><fld_TAX_CUR>81.75</fld_TAX_CUR></row_X_PAYTAX_VW><row_X_PAYTAX_VW rownumber="36"><fld_COMPANY>K12</fld_COMPANY><fld_PAYGROUP>BW</fld_PAYGROUP><fld_PAY_END_DT>2018-04-21</fld_PAY_END_DT><fld_OFF_CYCLE>N</fld_OFF_CYCLE><fld_PAGE_NUM>12</fld_PAGE_NUM><fld_LINE_NUM>3</fld_LINE_NUM><fld_SEPCHK>0</fld_SEPCHK><fld_STATE>$U</fld_STATE><fld_EMPLID>KU0515</fld_EMPLID><fld_NAME>Gelman,Alan</fld_NAME><fld_STATE_DESCR>Federal</fld_STATE_DESCR><fld_LOCALITY></fld_LOCALITY><fld_LOCALITY_NAME></fld_LOCALITY_NAME><fld_TAX_CLASS>E</fld_TAX_CLASS><fld_PY_DESCR30>OASDI/Disability - ER</fld_PY_DESCR30><fld_EE_ER_TAX_TYPE></fld_EE_ER_TAX_TYPE><fld_TAX_CUR>81.74</fld_TAX_CUR></row_X_PAYTAX_VW><row_X_PAYTAX_VW rownumber="37"><fld_COMPANY>K12</fld_COMPANY><fld_PAYGROUP>BW</fld_PAYGROUP><fld_PAY_END_DT>2018-05-05</fld_PAY_END_DT><fld_OFF_CYCLE>N</fld_OFF_CYCLE><fld_PAGE_NUM>12</fld_PAGE_NUM><fld_LINE_NUM>3</fld_LINE_NUM><fld_SEPCHK>0</fld_SEPCHK><fld_STATE>$U</fld_STATE><fld_EMPLID>KU0515</fld_EMPLID><fld_NAME>Gelman,Alan</fld_NAME><fld_STATE_DESCR>Federal</fld_STATE_DESCR><fld_LOCALITY></fld_LOCALITY><fld_LOCALITY_NAME></fld_LOCALITY_NAME><fld_TAX_CLASS>E</fld_TAX_CLASS><fld_PY_DESCR30>OASDI/Disability - ER</fld_PY_DESCR30><fld_EE_ER_TAX_TYPE></fld_EE_ER_TAX_TYPE><fld_TAX_CUR>81.75</fld_TAX_CUR></row_X_PAYTAX_VW><row_X_PAYTAX_VW rownumber="38"><fld_COMPANY>K12</fld_COMPANY><fld_PAYGROUP>BW</fld_PAYGROUP><fld_PAY_END_DT>2018-05-19</fld_PAY_END_DT><fld_OFF_CYCLE>N</fld_OFF_CYCLE><fld_PAGE_NUM>12</fld_PAGE_NUM><fld_LINE_NUM>3</fld_LINE_NUM><fld_SEPCHK>0</fld_SEPCHK><fld_STATE>$U</fld_STATE><fld_EMPLID>KU0515</fld_EMPLID><fld_NAME>Gelman,Alan</fld_NAME><fld_STATE_DESCR>Federal</fld_STATE_DESCR><fld_LOCALITY></fld_LOCALITY><fld_LOCALITY_NAME></fld_LOCALITY_NAME><fld_TAX_CLASS>E</fld_TAX_CLASS><fld_PY_DESCR30>OASDI/Disability - ER</fld_PY_DESCR30><fld_EE_ER_TAX_TYPE></fld_EE_ER_TAX_TYPE><fld_TAX_CUR>81.74</fld_TAX_CUR></row_X_PAYTAX_VW><row_X_PAYTAX_VW rownumber="39"><fld_COMPANY>K12</fld_COMPANY><fld_PAYGROUP>BW</fld_PAYGROUP><fld_PAY_END_DT>2018-06-02</fld_PAY_END_DT><fld_OFF_CYCLE>N</fld_OFF_CYCLE><fld_PAGE_NUM>12</fld_PAGE_NUM><fld_LINE_NUM>3</fld_LINE_NUM><fld_SEPCHK>0</fld_SEPCHK><fld_STATE>$U</fld_STATE><fld_EMPLID>KU0515</fld_EMPLID><fld_NAME>Gelman,Alan</fld_NAME><fld_STATE_DESCR>Federal</fld_STATE_DESCR><fld_LOCALITY></fld_LOCALITY><fld_LOCALITY_NAME></fld_LOCALITY_NAME><fld_TAX_CLASS>E</fld_TAX_CLASS><fld_PY_DESCR30>OASDI/Disability - ER</fld_PY_DESCR30><fld_EE_ER_TAX_TYPE></fld_EE_ER_TAX_TYPE><fld_TAX_CUR>81.75</fld_TAX_CUR></row_X_PAYTAX_VW><row_X_PAYTAX_VW rownumber="40"><fld_COMPANY>K12</fld_COMPANY><fld_PAYGROUP>BW</fld_PAYGROUP><fld_PAY_END_DT>2018-09-22</fld_PAY_END_DT><fld_OFF_CYCLE>N</fld_OFF_CYCLE><fld_PAGE_NUM>12</fld_PAGE_NUM><fld_LINE_NUM>3</fld_LINE_NUM><fld_SEPCHK>0</fld_SEPCHK><fld_STATE>$U</fld_STATE><fld_EMPLID>KU0515</fld_EMPLID><fld_NAME>Gelman,Alan</fld_NAME><fld_STATE_DESCR>Federal</fld_STATE_DESCR><fld_LOCALITY></fld_LOCALITY><fld_LOCALITY_NAME></fld_LOCALITY_NAME><fld_TAX_CLASS>E</fld_TAX_CLASS><fld_PY_DESCR30>OASDI/Disability - ER</fld_PY_DESCR30><fld_EE_ER_TAX_TYPE></fld_EE_ER_TAX_TYPE><fld_TAX_CUR>81.75</fld_TAX_CUR></row_X_PAYTAX_VW><row_X_PAYTAX_VW rownumber="41"><fld_COMPANY>K12</fld_COMPANY><fld_PAYGROUP>BW</fld_PAYGROUP><fld_PAY_END_DT>2018-06-16</fld_PAY_END_DT><fld_OFF_CYCLE>N</fld_OFF_CYCLE><fld_PAGE_NUM>12</fld_PAGE_NUM><fld_LINE_NUM>3</fld_LINE_NUM><fld_SEPCHK>0</fld_SEPCHK><fld_STATE>$U</fld_STATE><fld_EMPLID>KU0515</fld_EMPLID><fld_NAME>Gelman,Alan</fld_NAME><fld_STATE_DESCR>Federal</fld_STATE_DESCR><fld_LOCALITY></fld_LOCALITY><fld_LOCALITY_NAME></fld_LOCALITY_NAME><fld_TAX_CLASS>E</fld_TAX_CLASS><fld_PY_DESCR30>OASDI/Disability - ER</fld_PY_DESCR30><fld_EE_ER_TAX_TYPE></fld_EE_ER_TAX_TYPE><fld_TAX_CUR>81.74</fld_TAX_CUR></row_X_PAYTAX_VW><row_X_PAYTAX_VW rownumber="42"><fld_COMPANY>K12</fld_COMPANY><fld_PAYGROUP>BW</fld_PAYGROUP><fld_PAY_END_DT>2018-06-30</fld_PAY_END_DT><fld_OFF_CYCLE>N</fld_OFF_CYCLE><fld_PAGE_NUM>12</fld_PAGE_NUM><fld_LINE_NUM>3</fld_LINE_NUM><fld_SEPCHK>0</fld_SEPCHK><fld_STATE>$U</fld_STATE><fld_EMPLID>KU0515</fld_EMPLID><fld_NAME>Gelman,Alan</fld_NAME><fld_STATE_DESCR>Federal</fld_STATE_DESCR><fld_LOCALITY></fld_LOCALITY><fld_LOCALITY_NAME></fld_LOCALITY_NAME><fld_TAX_CLASS>E</fld_TAX_CLASS><fld_PY_DESCR30>OASDI/Disability - ER</fld_PY_DESCR30><fld_EE_ER_TAX_TYPE></fld_EE_ER_TAX_TYPE><fld_TAX_CUR>81.75</fld_TAX_CUR></row_X_PAYTAX_VW><row_X_PAYTAX_VW rownumber="43"><fld_COMPANY>K12</fld_COMPANY><fld_PAYGROUP>BW</fld_PAYGROUP><fld_PAY_END_DT>2018-07-14</fld_PAY_END_DT><fld_OFF_CYCLE>N</fld_OFF_CYCLE><fld_PAGE_NUM>12</fld_PAGE_NUM><fld_LINE_NUM>3</fld_LINE_NUM><fld_SEPCHK>0</fld_SEPCHK><fld_STATE>$U</fld_STATE><fld_EMPLID>KU0515</fld_EMPLID><fld_NAME>Gelman,Alan</fld_NAME><fld_STATE_DESCR>Federal</fld_STATE_DESCR><fld_LOCALITY></fld_LOCALITY><fld_LOCALITY_NAME></fld_LOCALITY_NAME><fld_TAX_CLASS>E</fld_TAX_CLASS><fld_PY_DESCR30>OASDI/Disability - ER</fld_PY_DESCR30><fld_EE_ER_TAX_TYPE></fld_EE_ER_TAX_TYPE><fld_TAX_CUR>81.74</fld_TAX_CUR></row_X_PAYTAX_VW><row_X_PAYTAX_VW rownumber="44"><fld_COMPANY>K12</fld_COMPANY><fld_PAYGROUP>BW</fld_PAYGROUP><fld_PAY_END_DT>2018-07-28</fld_PAY_END_DT><fld_OFF_CYCLE>N</fld_OFF_CYCLE><fld_PAGE_NUM>12</fld_PAGE_NUM><fld_LINE_NUM>3</fld_LINE_NUM><fld_SEPCHK>0</fld_SEPCHK><fld_STATE>$U</fld_STATE><fld_EMPLID>KU0515</fld_EMPLID><fld_NAME>Gelman,Alan</fld_NAME><fld_STATE_DESCR>Federal</fld_STATE_DESCR><fld_LOCALITY></fld_LOCALITY><fld_LOCALITY_NAME></fld_LOCALITY_NAME><fld_TAX_CLASS>E</fld_TAX_CLASS><fld_PY_DESCR30>OASDI/Disability - ER</fld_PY_DESCR30><fld_EE_ER_TAX_TYPE></fld_EE_ER_TAX_TYPE><fld_TAX_CUR>81.75</fld_TAX_CUR></row_X_PAYTAX_VW><row_X_PAYTAX_VW rownumber="45"><fld_COMPANY>K12</fld_COMPANY><fld_PAYGROUP>BW</fld_PAYGROUP><fld_PAY_END_DT>2018-08-25</fld_PAY_END_DT><fld_OFF_CYCLE>N</fld_OFF_CYCLE><fld_PAGE_NUM>12</fld_PAGE_NUM><fld_LINE_NUM>3</fld_LINE_NUM><fld_SEPCHK>0</fld_SEPCHK><fld_STATE>$U</fld_STATE><fld_EMPLID>KU0515</fld_EMPLID><fld_NAME>Gelman,Alan</fld_NAME><fld_STATE_DESCR>Federal</fld_STATE_DESCR><fld_LOCALITY></fld_LOCALITY><fld_LOCALITY_NAME></fld_LOCALITY_NAME><fld_TAX_CLASS>E</fld_TAX_CLASS><fld_PY_DESCR30>OASDI/Disability - ER</fld_PY_DESCR30><fld_EE_ER_TAX_TYPE></fld_EE_ER_TAX_TYPE><fld_TAX_CUR>81.75</fld_TAX_CUR></row_X_PAYTAX_VW><row_X_PAYTAX_VW rownumber="46"><fld_COMPANY>K12</fld_COMPANY><fld_PAYGROUP>BW</fld_PAYGROUP><fld_PAY_END_DT>2018-09-08</fld_PAY_END_DT><fld_OFF_CYCLE>N</fld_OFF_CYCLE><fld_PAGE_NUM>12</fld_PAGE_NUM><fld_LINE_NUM>3</fld_LINE_NUM><fld_SEPCHK>0</fld_SEPCHK><fld_STATE>$U</fld_STATE><fld_EMPLID>KU0515</fld_EMPLID><fld_NAME>Gelman,Alan</fld_NAME><fld_STATE_DESCR>Federal</fld_STATE_DESCR><fld_LOCALITY></fld_LOCALITY><fld_LOCALITY_NAME></fld_LOCALITY_NAME><fld_TAX_CLASS>E</fld_TAX_CLASS><fld_PY_DESCR30>OASDI/Disability - ER</fld_PY_DESCR30><fld_EE_ER_TAX_TYPE></fld_EE_ER_TAX_TYPE><fld_TAX_CUR>81.74</fld_TAX_CUR></row_X_PAYTAX_VW><row_X_PAYTAX_VW rownumber="47"><fld_COMPANY>K12</fld_COMPANY><fld_PAYGROUP>BW</fld_PAYGROUP><fld_PAY_END_DT>2018-10-06</fld_PAY_END_DT><fld_OFF_CYCLE>N</fld_OFF_CYCLE><fld_PAGE_NUM>12</fld_PAGE_NUM><fld_LINE_NUM>3</fld_LINE_NUM><fld_SEPCHK>0</fld_SEPCHK><fld_STATE>$U</fld_STATE><fld_EMPLID>KU0515</fld_EMPLID><fld_NAME>Gelman,Alan</fld_NAME><fld_STATE_DESCR>Federal</fld_STATE_DESCR><fld_LOCALITY></fld_LOCALITY><fld_LOCALITY_NAME></fld_LOCALITY_NAME><fld_TAX_CLASS>E</fld_TAX_CLASS><fld_PY_DESCR30>OASDI/Disability - ER</fld_PY_DESCR30><fld_EE_ER_TAX_TYPE></fld_EE_ER_TAX_TYPE><fld_TAX_CUR>81.74</fld_TAX_CUR></row_X_PAYTAX_VW><row_X_PAYTAX_VW rownumber="48"><fld_COMPANY>K12</fld_COMPANY><fld_PAYGROUP>BW</fld_PAYGROUP><fld_PAY_END_DT>2018-10-20</fld_PAY_END_DT><fld_OFF_CYCLE>N</fld_OFF_CYCLE><fld_PAGE_NUM>12</fld_PAGE_NUM><fld_LINE_NUM>3</fld_LINE_NUM><fld_SEPCHK>0</fld_SEPCHK><fld_STATE>$U</fld_STATE><fld_EMPLID>KU0515</fld_EMPLID><fld_NAME>Gelman,Alan</fld_NAME><fld_STATE_DESCR>Federal</fld_STATE_DESCR><fld_LOCALITY></fld_LOCALITY><fld_LOCALITY_NAME></fld_LOCALITY_NAME><fld_TAX_CLASS>E</fld_TAX_CLASS><fld_PY_DESCR30>OASDI/Disability - ER</fld_PY_DESCR30><fld_EE_ER_TAX_TYPE></fld_EE_ER_TAX_TYPE><fld_TAX_CUR>81.75</fld_TAX_CUR></row_X_PAYTAX_VW><row_X_PAYTAX_VW rownumber="49"><fld_COMPANY>K12</fld_COMPANY><fld_PAYGROUP>BW</fld_PAYGROUP><fld_PAY_END_DT>2018-12-15</fld_PAY_END_DT><fld_OFF_CYCLE>N</fld_OFF_CYCLE><fld_PAGE_NUM>12</fld_PAGE_NUM><fld_LINE_NUM>3</fld_LINE_NUM><fld_SEPCHK>0</fld_SEPCHK><fld_STATE>$U</fld_STATE><fld_EMPLID>KU0515</fld_EMPLID><fld_NAME>Gelman,Alan</fld_NAME><fld_STATE_DESCR>Federal</fld_STATE_DESCR><fld_LOCALITY></fld_LOCALITY><fld_LOCALITY_NAME></fld_LOCALITY_NAME><fld_TAX_CLASS>E</fld_TAX_CLASS><fld_PY_DESCR30>OASDI/Disability - ER</fld_PY_DESCR30><fld_EE_ER_TAX_TYPE></fld_EE_ER_TAX_TYPE><fld_TAX_CUR>81.75</fld_TAX_CUR></row_X_PAYTAX_VW><row_X_PAYTAX_VW rownumber="50"><fld_COMPANY>K12</fld_COMPANY><fld_PAYGROUP>BW</fld_PAYGROUP><fld_PAY_END_DT>2018-11-03</fld_PAY_END_DT><fld_OFF_CYCLE>N</fld_OFF_CYCLE><fld_PAGE_NUM>12</fld_PAGE_NUM><fld_LINE_NUM>3</fld_LINE_NUM><fld_SEPCHK>0</fld_SEPCHK><fld_STATE>$U</fld_STATE><fld_EMPLID>KU0515</fld_EMPLID><fld_NAME>Gelman,Alan</fld_NAME><fld_STATE_DESCR>Federal</fld_STATE_DESCR><fld_LOCALITY></fld_LOCALITY><fld_LOCALITY_NAME></fld_LOCALITY_NAME><fld_TAX_CLASS>E</fld_TAX_CLASS><fld_PY_DESCR30>OASDI/Disability - ER</fld_PY_DESCR30><fld_EE_ER_TAX_TYPE></fld_EE_ER_TAX_TYPE><fld_TAX_CUR>81.74</fld_TAX_CUR></row_X_PAYTAX_VW><row_X_PAYTAX_VW rownumber="51"><fld_COMPANY>K12</fld_COMPANY><fld_PAYGROUP>BW</fld_PAYGROUP><fld_PAY_END_DT>2018-11-17</fld_PAY_END_DT><fld_OFF_CYCLE>N</fld_OFF_CYCLE><fld_PAGE_NUM>12</fld_PAGE_NUM><fld_LINE_NUM>3</fld_LINE_NUM><fld_SEPCHK>0</fld_SEPCHK><fld_STATE>$U</fld_STATE><fld_EMPLID>KU0515</fld_EMPLID><fld_NAME>Gelman,Alan</fld_NAME><fld_STATE_DESCR>Federal</fld_STATE_DESCR><fld_LOCALITY></fld_LOCALITY><fld_LOCALITY_NAME></fld_LOCALITY_NAME><fld_TAX_CLASS>E</fld_TAX_CLASS><fld_PY_DESCR30>OASDI/Disability - ER</fld_PY_DESCR30><fld_EE_ER_TAX_TYPE></fld_EE_ER_TAX_TYPE><fld_TAX_CUR>81.75</fld_TAX_CUR></row_X_PAYTAX_VW><row_X_PAYTAX_VW rownumber="52"><fld_COMPANY>K12</fld_COMPANY><fld_PAYGROUP>BW</fld_PAYGROUP><fld_PAY_END_DT>2018-12-01</fld_PAY_END_DT><fld_OFF_CYCLE>N</fld_OFF_CYCLE><fld_PAGE_NUM>12</fld_PAGE_NUM><fld_LINE_NUM>3</fld_LINE_NUM><fld_SEPCHK>0</fld_SEPCHK><fld_STATE>$U</fld_STATE><fld_EMPLID>KU0515</fld_EMPLID><fld_NAME>Gelman,Alan</fld_NAME><fld_STATE_DESCR>Federal</fld_STATE_DESCR><fld_LOCALITY></fld_LOCALITY><fld_LOCALITY_NAME></fld_LOCALITY_NAME><fld_TAX_CLASS>E</fld_TAX_CLASS><fld_PY_DESCR30>OASDI/Disability - ER</fld_PY_DESCR30><fld_EE_ER_TAX_TYPE></fld_EE_ER_TAX_TYPE><fld_TAX_CUR>81.74</fld_TAX_CUR></row_X_PAYTAX_VW></rs_X_PAYTAX_VW>
